<?xml version="1.0" encoding="UTF-8"?>
<project-private xmlns="http://www.netbeans.org/ns/project-private/1">
    <editor-bookmarks xmlns="http://www.netbeans.org/ns/editor-bookmarks/2" lastBookmarkId="0"/>
    <open-files xmlns="http://www.netbeans.org/ns/projectui-open-files/2">
        <group>
            <file>file:/Users/kim2/NetBeansProjects/VisitorDrawingProblem/src/visitordrawingproblem/Shape.java</file>
            <file>file:/Users/kim2/NetBeansProjects/VisitorDrawingProblem/src/visitordrawingproblem/Line.java</file>
            <file>file:/Users/kim2/NetBeansProjects/VisitorDrawingProblem/src/visitordrawingproblem/Rectangle.java</file>
            <file>file:/Users/kim2/NetBeansProjects/VisitorDrawingProblem/src/visitordrawingproblem/DrawObject.java</file>
            <file>file:/Users/kim2/NetBeansProjects/VisitorDrawingProblem/src/visitordrawingproblem/VisitorDrawingProblem.java</file>
            <file>file:/Users/kim2/NetBeansProjects/VisitorDrawingProblem/src/visitordrawingproblem/Picture.java</file>
            <file>file:/Users/kim2/NetBeansProjects/VisitorDrawingProblem/src/visitordrawingproblem/ObjectStructure.java</file>
            <file>file:/Users/kim2/NetBeansProjects/VisitorDrawingProblem/src/visitordrawingproblem/Point.java</file>
        </group>
    </open-files>
</project-private>
